Search Term,URL 1 (First Circular Shift),URL 2 (Second  Circular Shift),Circular Shifts Continued..,,
Youtube,https://www.youtube.com/ ,,,,
Amazon,https://www.amazon.com/ ,,,,
Facebook,https://www.facebook.com/ ,,,,
Weather today,https://weather.com/weather/today/l/Richardson+TX?canonicalCityId=8108425bac759ddff7eca2a0d6cf4a16c37d64f9ba0e6238ce3069c16645620d ,https://weather.com/weather/today/l/Richardson+TX?canonicalCityId=8108425bac759ddff7eca2a0d6cf4a16c37d64f9ba0e6238ce3069c16645620d ,,,
Weather tomorrow,https://weather.com/weather/today/l/Richardson+TX?canonicalCityId=8108425bac759ddff7eca2a0d6cf4a16c37d64f9ba0e6238ce3069c16645620d ,https://weather.com/weather/today/l/Richardson+TX?canonicalCityId=8108425bac759ddff7eca2a0d6cf4a16c37d64f9ba0e6238ce3069c16645620d ,,,
Word games,https://games.usatoday.com/category/word,https://www.merriam-webster.com/games,,,
Gmail,https://www.google.com/intl/en-US/gmail/about/ ,,,,
Google Maps,https://www.google.com/maps,https://www.google.com/maps,,,
Stores in Dallas,https://www.visitdallas.com/things-to-do/shopping/,https://www.visitdallas.com/things-to-do/shopping/,https://www.visitdallas.com/things-to-do/shopping/,,
Restaurants in Dallas,https://www.visitdallas.com/food-drink/ ,https://www.visitdallas.com/food-drink/ ,https://www.opentable.com/region/dallas/dallas-restaurants ,,
ChatGPT,https://openai.com/chatgpt/,,,,
Flights out of DFW today,https://www.dfwairport.com/flights/ ,https://www.dfwairport.com/flights/ ,https://www.dfwairport.com/flights/ ,https://www.dfwairport.com/flights/ ,https://www.dfwairport.com/flights/ 
English to Spanish,https://translate.google.com/?hl=en&sl=es&tl=en&op=translate ,https://translate.google.com/?hl=en&sl=es&tl=en&op=translate ,https://translate.google.com/?hl=en&sl=en&tl=es&op=translate,,
The Lion King,https://en.wikipedia.org/wiki/The_Lion_King,https://en.wikipedia.org/wiki/The_Lion_King,https://en.wikipedia.org/wiki/The_Lion_King,,
What is software architecture?,"https://www.sei.cmu.edu/our-work/software-architecture/#:~:text=A%20software%20architecture%20is%20an,%2C%20algorithms%2C%20and%20data%20representation. ","https://www.sei.cmu.edu/our-work/software-architecture/#:~:text=A%20software%20architecture%20is%20an,%2C%20algorithms%2C%20and%20data%20representation. ","https://www.castsoftware.com/glossary/what-is-software-architecture-tools-design-definition-explanation-best#:~:text=Software%20architecture%20is%2C%20simply%2C%20the,the%20software%20into%20the%20future.",https://martinfowler.com/architecture/,
Movies in theaters now,https://www.amctheatres.com/movies ,https://www.amctheatres.com/movies ,https://www.amctheatres.com/movies ,https://www.amctheatres.com/movies ,
Google Translate,https://translate.google.com/?sl=auto&tl=en&op=translate,https://translate.google.com/?sl=auto&tl=en&op=translate,,,
Football,https://www.nfl.com/ ,,,,
UTD academic calendar,https://www.utdallas.edu/academics/calendar/ ,https://www.utdallas.edu/academics/calendar/ ,https://www.utdallas.edu/academics/calendar/,,
UTD graduate program,https://graduate-admissions.utdallas.edu/find-your-program/graduate-degrees-offered/ ,https://graduate-admissions.utdallas.edu/find-your-program/graduate-degrees-offered/ ,https://graduate-admissions.utdallas.edu/find-your-program/graduate-degrees-offered/ ,,
Top news today,https://www.nbcnews.com/,https://www.cnn.com/,https://www.cnn.com/,,
Harry Potter,https://en.wikipedia.org/wiki/Harry_Potter,https://en.wikipedia.org/wiki/Harry_Potter,,,
Best Programming Language,https://www.reddit.com/r/AskProgramming/comments/17ex3lg/programming_languages_with_the_highest_labor/,https://www.reddit.com/r/AskProgramming/comments/17ex3lg/programming_languages_with_the_highest_labor/,https://www.fullstackacademy.com/blog/nine-best-programming-languages-to-learn,,
Top Movies Now,https://editorial.rottentomatoes.com/guide/popular-movies/,https://editorial.rottentomatoes.com/guide/popular-movies/,https://editorial.rottentomatoes.com/guide/popular-movies/,,
Best Board Games,https://boardgamegeek.com/browse/boardgame,https://boardgamegeek.com/browse/boardgame,https://boardgamegeek.com/browse/boardgame,,
Haircuts in Dallas,https://www.reddit.com/r/Dallas/comments/ypoz7g/recommendations_on_where_to_get_a_mens_haircut/,https://www.yelp.com/search?find_desc=Haircut&find_loc=Dallas%2C+TX,https://www.yelp.com/search?find_desc=Haircut&find_loc=Dallas%2C+TX,,
Best Mint Gum,https://www.reddit.com/r/AskReddit/comments/106vkn2/what_is_the_best_mint_gum/,https://www.reddit.com/r/AskReddit/comments/106vkn2/what_is_the_best_mint_gum/,https://www.reddit.com/r/AskReddit/comments/106vkn2/what_is_the_best_mint_gum/,,
New Funyuns Flavor,https://www.reddit.com/r/chips/comments/1cj2bz6/funyuns_new_flavor_possibly_releasing/,https://www.reddit.com/r/chips/comments/1cj2bz6/funyuns_new_flavor_possibly_releasing/,https://www.reddit.com/r/chips/comments/1cj2bz6/funyuns_new_flavor_possibly_releasing/,,
Best Sun Chips,https://www.reddit.com/r/chips/comments/13waxqw/rank_sun_chips_flavors/,https://www.reddit.com/r/chips/comments/13waxqw/rank_sun_chips_flavors/,https://www.reddit.com/r/chips/comments/13waxqw/rank_sun_chips_flavors/,,
Galaxy Z Flip,https://www.samsung.com/us/smartphones/galaxy-z-flip5/,https://www.samsung.com/us/smartphones/galaxy-z-flip5/,https://www.samsung.com/us/smartphones/galaxy-z-flip5/,,
Silly Anniversary Gifts,https://www.amazon.com/funny-anniversary-gifts/s?k=funny+anniversary+gifts,https://www.amazon.com/funny-anniversary-gifts/s?k=funny+anniversary+gifts,https://www.amazon.com/funny-anniversary-gifts/s?k=funny+anniversary+gifts,,
MIPS Assembly Tricks,https://stackoverflow.com/questions/72913471/could-you-give-me-some-guidance-on-how-to-efficiently-design-an-assembly-languag,https://stackoverflow.com/questions/72913471/could-you-give-me-some-guidance-on-how-to-efficiently-design-an-assembly-languag,https://stackoverflow.com/questions/72913471/could-you-give-me-some-guidance-on-how-to-efficiently-design-an-assembly-languag,,
Leetcode Training Curriculum,https://leetcode.com/studyplan/,https://leetcode.com/problems/course-schedule/,https://leetcode.com/problems/course-schedule/,,
Dell Technologies Bus,https://calendar.utdallas.edu/event/dell_technology_bus_tour_4170,https://www.dell.com/en-us/dt/corporate/newsroom/announcements/2010/11/20101110-02.htm,https://www.dell.com/en-us/dt/corporate/newsroom/announcements/2010/11/20101110-02.htm,,
While or For Loop,https://stackoverflow.com/questions/6710601/when-to-use-while-loop-rather-than-for-loop,https://stackoverflow.com/questions/6710601/when-to-use-while-loop-rather-than-for-loop,https://builtin.com/software-engineering-perspectives/for-loop-vs-while-loop,https://www.reddit.com/r/csharp/comments/wdisul/when_to_use_a_for_loop_and_when_to_use_a_while/,
Job Hunting Resumes,https://huntr.co/,https://www.linkedin.com/pulse/resumes-job-hunting-jonah-safar-7hu5e,https://huntr.co/,,
Blue Light Glasses,https://www.amazon.com/Blocking-Glasses-Computer-Reading-Eyestrain/dp/B07W781XWF,https://felixgray.com/collections/blue-light-glasses?srsltid=AfmBOopJMtXTjc86u4SvE9xHpzR-gFdEtroQttWeDDdfzCdkWxt0wyR_,https://felixgray.com/collections/blue-light-glasses?srsltid=AfmBOoqX2tedkc2--E7RMZQmdV55UJQlegsg61iXcn_hf687NFmKZ3qy,,
Derivative Calculator Online,https://www.derivative-calculator.net/,https://www.derivative-calculator.net/,https://www.derivative-calculator.net/,,
Microsoft AI OEM,https://www.microsoft.com/en-us/surface/business/surface-laptop-6,https://www.microsoft.com/en-us/surface/business/surface-laptop-6,https://www.microsoft.com/en-us/surface/business/surface-laptop-6,,
Dell Technologies News,https://www.dell.com/en-us/dt/corporate/newsroom.htm,https://www.dell.com/en-us/dt/corporate/newsroom.htm,https://www.dell.com/en-us/dt/corporate/newsroom.htm,,
Stocks to Invest,https://www.investors.com/research/best-stocks-to-buy-now/,https://www.nerdwallet.com/article/investing/how-to-invest-in-stocks,https://www.investors.com/research/best-stocks-to-buy-now/,,
Pop Hits 2010's,https://music.apple.com/sg/playlist/pop-hits-2010/pl.e5afef10eb2544d0a38880fd8e2c9a27,https://music.apple.com/sg/playlist/pop-hits-2010/pl.e5afef10eb2544d0a38880fd8e2c9a27,https://top40weekly.com/top-100-songs-of-the-2010s/,,
UTD Balfour Rings,http://www.balfour.com/utdallas,http://www.balfour.com/utdallas,http://www.balfour.com/utdallas,,
Weeks of Welcome,https://weeksofwelcome.utdallas.edu/,https://weeksofwelcome.utdallas.edu/,https://weeksofwelcome.utdallas.edu/,,
UTD Campus Traditions,https://studentaffairs.utdallas.edu/traditions/,https://studentaffairs.utdallas.edu/traditions/,https://studentaffairs.utdallas.edu/traditions/,,
Two Name Companies,https://businessofhome.com/articles/are-two-names-really-better-than-one-the-story-behind-the-spike-in-dual-name-home-brands,https://www.ownr.co/blog/two-businesses-same-name/,https://www.ownr.co/blog/two-businesses-same-name/,,
Duct Tape Uses,"https://uk.rs-online.com/web/content/discovery/ideas-and-advice/duct-tapes-guide#:~:text=Duct%20tape%20has%20now%20become,%2C%20plaster%2C%20brick%20and%20metal.",https://en.wikipedia.org/wiki/Duct_tape,https://home.howstuffworks.com/home-improvement/home-diy/projects/duct-tape-uses.htm,,
Car Engine Search,https://www.autotempest.com/,https://www.autozone.com/vin-decoder,https://www.autozone.com/vin-decoder,,
Lake For Swimming Dog,"https://wagwalking.com/lifestyle/beaches/top-dog-beaches-near-dallas-tx#:~:text=White%20Rock%20Lake%20Dog%20Beach%20in%20Dallas%20is%20a%20puptastic,and%20lounging%20on%20the%20sand.","https://wagwalking.com/lifestyle/beaches/top-dog-beaches-near-dallas-tx#:~:text=%231%20White%20Rock%20Lake%20Dog,and%20lounging%20on%20the%20sand.",https://www.reddit.com/r/Dallas/comments/13kqny2/which_lakesparks_nearby_are_good_for_taking_dogs/,https://wagwalking.com/lifestyle/beaches/top-dog-beaches-near-dallas-tx,
